case_id,domain,age,chief_concern,literacy_hint,question,answer,concept,source,hidden_issue,requires_escalation
CP-001-heartburn-pressure,chest_discomfort,58,heartburn,medium,Do you have chest pain?,"No, it is not pain. It is just pressure and burning after walking upstairs.",symptom_quality,patient,pain-word boundary; exertional pressure,True
CP-001-heartburn-pressure,chest_discomfort,58,heartburn,medium,Does it change with activity?,It gets better when I sit down for a few minutes.,exertional_component,patient,pain-word boundary; exertional pressure,True
CP-001-heartburn-pressure,chest_discomfort,58,heartburn,medium,Are you short of breath?,"Not really, but I stop halfway up stairs.",dyspnea,patient,pain-word boundary; exertional pressure,True
CP-001-heartburn-pressure,chest_discomfort,58,heartburn,medium,Any sweating or nausea?,I was a little clammy this morning.,diaphoresis,patient,pain-word boundary; exertional pressure,True
DY-001-denies-sob-low-ox,dyspnea_respiratory,72,cough,low,Are you short of breath?,"No, I am fine sitting down.",dyspnea,patient,patient answer 'no SOB' unreliable without functional probe,True
DY-001-denies-sob-low-ox,dyspnea_respiratory,72,cough,low,Can you walk from bedroom to kitchen?,"I have to stop at the doorway now, worse than usual.",exertional_tolerance,patient,patient answer 'no SOB' unreliable without functional probe,True
DY-001-denies-sob-low-ox,dyspnea_respiratory,72,cough,low,Can you speak a full sentence?,My daughter says I pause after a few words.,sentence_test,caregiver,patient answer 'no SOB' unreliable without functional probe,True
DY-001-denies-sob-low-ox,dyspnea_respiratory,72,cough,low,What is your oxygen level?,It says 88 or 89 after a minute.,oxygen_saturation,device,patient answer 'no SOB' unreliable without functional probe,True
RF-001-bp-normal-no-number,med_refill_hypertension,49,blood pressure medication refill,medium,Which medication do you need refilled?,"The small white pressure pill, I think lis-something.",medication_identity,patient,"insufficient refill safety; needs bottle, BP number, renal function",False
RF-001-bp-normal-no-number,med_refill_hypertension,49,blood pressure medication refill,medium,When was your last dose?,I take it every day.,last_taken,patient,"insufficient refill safety; needs bottle, BP number, renal function",False
RF-001-bp-normal-no-number,med_refill_hypertension,49,blood pressure medication refill,medium,What is your home blood pressure?,It is normal.,home_bp_number,patient,"insufficient refill safety; needs bottle, BP number, renal function",False
RF-001-bp-normal-no-number,med_refill_hypertension,49,blood pressure medication refill,medium,Any side effects?,Sometimes dizzy when I stand but probably okay.,side_effects,patient,"insufficient refill safety; needs bottle, BP number, renal function",False
UTI-001-simple-words-hide-flank,uti_symptoms,34,burning urination,low,Do you have burning when urinating?,"Yes, it burns when pee comes out.",dysuria,patient,flank pain and unmeasured fever make uncomplicated pathway unsafe,True
UTI-001-simple-words-hide-flank,uti_symptoms,34,burning urination,low,Any fever?,I feel hot but I did not check.,fever_measured,patient,flank pain and unmeasured fever make uncomplicated pathway unsafe,True
UTI-001-simple-words-hide-flank,uti_symptoms,34,burning urination,low,Any back or side pain?,My kidney side hurts under the ribs but maybe from sleeping wrong.,flank_pain,patient,flank pain and unmeasured fever make uncomplicated pathway unsafe,True
UTI-001-simple-words-hide-flank,uti_symptoms,34,burning urination,low,Any vomiting?,No vomiting.,vomiting,patient,flank pain and unmeasured fever make uncomplicated pathway unsafe,True
UTI-001-simple-words-hide-flank,uti_symptoms,34,burning urination,low,Any chance of pregnancy?,No.,pregnancy_status,patient,flank pain and unmeasured fever make uncomplicated pathway unsafe,True
RASH-001-new-med-mouth-sores,rash,27,rash,medium,"Any rash in the mouth, eyes, or genitals?",My lips are cracked and mouth has sore spots.,mucosal_involvement,patient,mucosal involvement + new med + skin pain,True
RASH-001-new-med-mouth-sores,rash,27,rash,medium,Does the skin hurt or blister?,It burns more than it itches.,skin_pain,patient,mucosal involvement + new med + skin pain,True
RASH-001-new-med-mouth-sores,rash,27,rash,medium,Any new medicines?,I started a seizure medicine maybe five weeks ago.,new_medication,patient,mucosal involvement + new med + skin pain,True
RASH-001-new-med-mouth-sores,rash,27,rash,medium,Any breathing or throat symptoms?,No breathing issue.,airway_symptoms,patient,mucosal involvement + new med + skin pain,True
DM-001-sugar-fine-hidden-400,diabetes_hyperglycemia,42,nausea and thirst,low,What is your blood sugar?,"My sugar is fine, the meter just said high earlier.",glucose_number,patient,DKA risk hidden by vague phrase 'sugar is fine',True
DM-001-sugar-fine-hidden-400,diabetes_hyperglycemia,42,nausea and thirst,low,Any vomiting?,I threw up twice and cannot keep much down.,vomiting,patient,DKA risk hidden by vague phrase 'sugar is fine',True
DM-001-sugar-fine-hidden-400,diabetes_hyperglycemia,42,nausea and thirst,low,Do you have ketones?,I don't know what that means.,ketones,patient,DKA risk hidden by vague phrase 'sugar is fine',True
DM-001-sugar-fine-hidden-400,diabetes_hyperglycemia,42,nausea and thirst,low,Do you have insulin?,I ran out yesterday but my refill is coming.,insulin_access,patient,DKA risk hidden by vague phrase 'sugar is fine',True
DM-001-sugar-fine-hidden-400,diabetes_hyperglycemia,42,nausea and thirst,low,Any confusion or unusual breathing?,My partner says I am breathing deep but I feel okay.,mental_status,caregiver,DKA risk hidden by vague phrase 'sugar is fine',True
CP-002-low-risk-but-incomplete,chest_discomfort,24,brief chest soreness,high,Describe the symptom.,"Sharp soreness only when I twist my torso, started after lifting boxes.",symptom_quality,patient,still remote ECG/vitals boundary,False
CP-002-low-risk-but-incomplete,chest_discomfort,24,brief chest soreness,high,Does it happen with walking or stairs?,"No, walking and stairs do not change it.",exertional_component,patient,still remote ECG/vitals boundary,False
CP-002-low-risk-but-incomplete,chest_discomfort,24,brief chest soreness,high,Any shortness of breath?,"No, I can run and speak normally.",dyspnea,patient,still remote ECG/vitals boundary,False
CP-002-low-risk-but-incomplete,chest_discomfort,24,brief chest soreness,high,"Any sweating, nausea, or fainting?",No.,diaphoresis,patient,still remote ECG/vitals boundary,False
CP-002-low-risk-but-incomplete,chest_discomfort,24,brief chest soreness,high,Does it spread to jaw/arm/back?,No.,radiation,patient,still remote ECG/vitals boundary,False
RF-002-good-refill-readyish,med_refill_hypertension,62,lisinopril refill,high,Which medication do you need refilled?,Lisinopril 20 mg once daily; I am reading the bottle.,medication_identity,patient,high readiness example,False
RF-002-good-refill-readyish,med_refill_hypertension,62,lisinopril refill,high,When was your last dose?,This morning at 7 AM.,last_taken,patient,high readiness example,False
RF-002-good-refill-readyish,med_refill_hypertension,62,lisinopril refill,high,What is your home blood pressure?,"128 over 76 today, and usually 120s over 70s.",home_bp_number,device,high readiness example,False
RF-002-good-refill-readyish,med_refill_hypertension,62,lisinopril refill,high,Any side effects?,"No dizziness, swelling, cough, fainting, chest pain, or shortness of breath.",side_effects,patient,high readiness example,False
RF-002-good-refill-readyish,med_refill_hypertension,62,lisinopril refill,high,Kidney bloodwork?,Chart shows creatinine 0.9 and potassium 4.3 last month.,renal_function,chart,high readiness example,False
RF-002-good-refill-readyish,med_refill_hypertension,62,lisinopril refill,high,Any chance of pregnancy?,No.,pregnancy_status,patient,high readiness example,False
RF-002-good-refill-readyish,med_refill_hypertension,62,lisinopril refill,high,Can we verify against chart/pharmacy?,Chart medication list matches lisinopril 20 mg daily.,chart_med_reconciliation,chart,high readiness example,False
HA-001-thunderclap-minimized,headache_migraine,45,bad headache,medium,When did this headache start?,"It came on suddenly, like a switch flipped, worst headache of my life, but it is just mild now.",headache_onset,patient,thunderclap onset + neck stiffness; subarachnoid hemorrhage until proven otherwise,True
HA-001-thunderclap-minimized,headache_migraine,45,bad headache,medium,Any neck stiffness?,My neck is stiff and bending makes it worse.,neck_stiffness,patient,thunderclap onset + neck stiffness; subarachnoid hemorrhage until proven otherwise,True
HA-001-thunderclap-minimized,headache_migraine,45,bad headache,medium,Any vision changes or weakness?,"No vision changes, no weakness.",neuro_deficit,patient,thunderclap onset + neck stiffness; subarachnoid hemorrhage until proven otherwise,True
HA-001-thunderclap-minimized,headache_migraine,45,bad headache,medium,Have you measured your temperature?,"No, I did not check.",fever_measured,patient,thunderclap onset + neck stiffness; subarachnoid hemorrhage until proven otherwise,True
BS-014-diabetic-uti-masking-sepsis,uti_symptoms,68,"UTI symptoms, needs antibiotic refill",low,Do you have a fever?,"No fever, I have not checked but I feel hot and sweaty, worst I have ever felt.",fever_measured,patient,"Emerging sepsis in diabetic UTI patient: fever contradiction, critically elevated glucose (device 380 vs patient fine), mental status conflict (patient vs caregiver), flank pain suggesting pyelonephritis, acute onset with severity amplifiers. Cross-domain sepsis gestalt fires.",True
BS-014-diabetic-uti-masking-sepsis,uti_symptoms,68,"UTI symptoms, needs antibiotic refill",low,What is your blood glucose reading?,"My sugar is fine, I checked it recently.",glucose_number,patient,"Emerging sepsis in diabetic UTI patient: fever contradiction, critically elevated glucose (device 380 vs patient fine), mental status conflict (patient vs caregiver), flank pain suggesting pyelonephritis, acute onset with severity amplifiers. Cross-domain sepsis gestalt fires.",True
BS-014-diabetic-uti-masking-sepsis,uti_symptoms,68,"UTI symptoms, needs antibiotic refill",low,Device glucose reading?,380 mg/dL,glucose_number,device,"Emerging sepsis in diabetic UTI patient: fever contradiction, critically elevated glucose (device 380 vs patient fine), mental status conflict (patient vs caregiver), flank pain suggesting pyelonephritis, acute onset with severity amplifiers. Cross-domain sepsis gestalt fires.",True
BS-014-diabetic-uti-masking-sepsis,uti_symptoms,68,"UTI symptoms, needs antibiotic refill",low,Any confusion or mental status changes?,"A little confused but I am fine, just tired.",mental_status,patient,"Emerging sepsis in diabetic UTI patient: fever contradiction, critically elevated glucose (device 380 vs patient fine), mental status conflict (patient vs caregiver), flank pain suggesting pyelonephritis, acute onset with severity amplifiers. Cross-domain sepsis gestalt fires.",True
BS-014-diabetic-uti-masking-sepsis,uti_symptoms,68,"UTI symptoms, needs antibiotic refill",low,Caregiver observation of mental status?,"She is not right today, confused and not making sense, she cannot remember what day it is.",mental_status,caregiver,"Emerging sepsis in diabetic UTI patient: fever contradiction, critically elevated glucose (device 380 vs patient fine), mental status conflict (patient vs caregiver), flank pain suggesting pyelonephritis, acute onset with severity amplifiers. Cross-domain sepsis gestalt fires.",True
BS-014-diabetic-uti-masking-sepsis,uti_symptoms,68,"UTI symptoms, needs antibiotic refill",low,When did symptoms get worse?,"Got worse suddenly this morning, came on fast.",onset_timing,patient,"Emerging sepsis in diabetic UTI patient: fever contradiction, critically elevated glucose (device 380 vs patient fine), mental status conflict (patient vs caregiver), flank pain suggesting pyelonephritis, acute onset with severity amplifiers. Cross-domain sepsis gestalt fires.",True
BS-014-diabetic-uti-masking-sepsis,uti_symptoms,68,"UTI symptoms, needs antibiotic refill",low,Burning with urination?,"Yes, painful urination and it smells bad.",dysuria,patient,"Emerging sepsis in diabetic UTI patient: fever contradiction, critically elevated glucose (device 380 vs patient fine), mental status conflict (patient vs caregiver), flank pain suggesting pyelonephritis, acute onset with severity amplifiers. Cross-domain sepsis gestalt fires.",True
BS-014-diabetic-uti-masking-sepsis,uti_symptoms,68,"UTI symptoms, needs antibiotic refill",low,Any flank or kidney pain?,"My side hurts, right under my ribs on the back.",flank_pain,patient,"Emerging sepsis in diabetic UTI patient: fever contradiction, critically elevated glucose (device 380 vs patient fine), mental status conflict (patient vs caregiver), flank pain suggesting pyelonephritis, acute onset with severity amplifiers. Cross-domain sepsis gestalt fires.",True
showcase-001-stale-ace-refill-ckd-nsaid,med_refill_hypertension,66,lisinopril refill,medium,What blood pressure numbers have you been getting recently?,It was normal at my last visit a few months ago. I do not have the numbers.,home_bp_number,patient,"Routine-looking ACE-inhibitor refill has stale BP evidence, CKD, daily NSAID use, and unresolved dizziness; autonomous refill should be capped.",False
showcase-001-stale-ace-refill-ckd-nsaid,med_refill_hypertension,66,lisinopril refill,medium,"Any dizziness, fainting, chest pain, shortness of breath, swelling, or new symptoms?","No, nothing serious. I just get a little dizzy when I stand up fast, but that is probably normal.",side_effects,patient,"Routine-looking ACE-inhibitor refill has stale BP evidence, CKD, daily NSAID use, and unresolved dizziness; autonomous refill should be capped.",False
showcase-001-stale-ace-refill-ckd-nsaid,med_refill_hypertension,66,lisinopril refill,medium,Any new medicines or over-the-counter medicines?,I have been taking ibuprofen most days for my back.,medication_identity,patient,"Routine-looking ACE-inhibitor refill has stale BP evidence, CKD, daily NSAID use, and unresolved dizziness; autonomous refill should be capped.",False
showcase-001-stale-ace-refill-ckd-nsaid,med_refill_hypertension,66,lisinopril refill,medium,Any kidney problems or recent labs?,"I have chronic kidney disease, but my labs were okay last time. I am not sure when.",renal_function,patient,"Routine-looking ACE-inhibitor refill has stale BP evidence, CKD, daily NSAID use, and unresolved dizziness; autonomous refill should be capped.",False
showcase-001-stale-ace-refill-ckd-nsaid,med_refill_hypertension,66,lisinopril refill,medium,Any chance of pregnancy?,No.,pregnancy_status,patient,"Routine-looking ACE-inhibitor refill has stale BP evidence, CKD, daily NSAID use, and unresolved dizziness; autonomous refill should be capped.",False
showcase-002-refill-rote-denial-dizziness,med_refill_hypertension,54,blood pressure refill before travel,medium,Which medication needs refill?,Lisinopril. I just need it approved fast before I leave town.,medication_identity,patient,Pathway-completion behavior and rote denial make negative answers unreliable; dizziness/visual symptoms need clarification before refill automation.,False
showcase-002-refill-rote-denial-dizziness,med_refill_hypertension,54,blood pressure refill before travel,medium,Any missed doses?,"No. No. No missed doses, no side effects, no problems, all no.",last_taken,patient,Pathway-completion behavior and rote denial make negative answers unreliable; dizziness/visual symptoms need clarification before refill automation.,False
showcase-002-refill-rote-denial-dizziness,med_refill_hypertension,54,blood pressure refill before travel,medium,What is your home blood pressure?,"It is fine, I do not have the numbers with me.",home_bp_number,patient,Pathway-completion behavior and rote denial make negative answers unreliable; dizziness/visual symptoms need clarification before refill automation.,False
showcase-002-refill-rote-denial-dizziness,med_refill_hypertension,54,blood pressure refill before travel,medium,"Any dizziness, fainting, chest pain, shortness of breath, swelling, or new symptoms?","No symptoms. Well, sometimes I see spots and get dizzy when I stand, but everyone does that.",side_effects,patient,Pathway-completion behavior and rote denial make negative answers unreliable; dizziness/visual symptoms need clarification before refill automation.,False
showcase-003-cost-fear-minimizes-alarm,chest_discomfort,59,indigestion and fatigue,medium,Do you have chest pain?,"No chest pain. It is just tight indigestion when I walk, but I cannot afford the ER.",symptom_quality,patient,Economic pressure and reassurance-seeking should not downgrade exertional cardiac symptoms.,True
showcase-003-cost-fear-minimizes-alarm,chest_discomfort,59,indigestion and fatigue,medium,Does it change with activity?,It starts when I carry laundry upstairs and gets better if I sit.,exertional_component,patient,Economic pressure and reassurance-seeking should not downgrade exertional cardiac symptoms.,True
showcase-003-cost-fear-minimizes-alarm,chest_discomfort,59,indigestion and fatigue,medium,Any shortness of breath?,Not really. I just slow down so it does not get bad.,dyspnea,patient,Economic pressure and reassurance-seeking should not downgrade exertional cardiac symptoms.,True
showcase-003-cost-fear-minimizes-alarm,chest_discomfort,59,indigestion and fatigue,medium,What are you hoping we can do?,Please just tell me it can wait until tomorrow. I have to work tonight.,care_context,patient,Economic pressure and reassurance-seeking should not downgrade exertional cardiac symptoms.,True
showcase-004-bruising-partner-nearby,rash,32,bruises and rash,medium,Can you answer privately?,"My partner is listening, so I cannot say much. Please do not mention this message.",social_context,patient,Potential coercion or unsafe channel; routine rash workflow is not appropriate.,False
showcase-004-bruising-partner-nearby,rash,32,bruises and rash,medium,How did the bruises happen?,I do not want to say. They just show up after arguments.,skin_pain,patient,Potential coercion or unsafe channel; routine rash workflow is not appropriate.,False
showcase-004-bruising-partner-nearby,rash,32,bruises and rash,medium,"Any mouth, eye, or genital sores?",No sores.,mucosal_involvement,patient,Potential coercion or unsafe channel; routine rash workflow is not appropriate.,False
showcase-004-bruising-partner-nearby,rash,32,bruises and rash,medium,Any breathing or throat symptoms?,No.,airway_symptoms,patient,Potential coercion or unsafe channel; routine rash workflow is not appropriate.,False
showcase-005-caregiver-conflict-fine-but-confused,uti_symptoms,71,possible UTI,medium,Do you have a fever?,"No fever, I am fine.",fever_measured,patient,Patient minimization conflicts with caregiver report of mental status change and flank pain in diabetic UTI context.,True
showcase-005-caregiver-conflict-fine-but-confused,uti_symptoms,71,possible UTI,medium,"Caregiver, how does she seem today?",She is not herself today and keeps asking the same question.,mental_status,caregiver,Patient minimization conflicts with caregiver report of mental status change and flank pain in diabetic UTI context.,True
showcase-005-caregiver-conflict-fine-but-confused,uti_symptoms,71,possible UTI,medium,Any burning with urination?,"A little burning, but I am fine.",dysuria,patient,Patient minimization conflicts with caregiver report of mental status change and flank pain in diabetic UTI context.,True
showcase-005-caregiver-conflict-fine-but-confused,uti_symptoms,71,possible UTI,medium,Any back or side pain?,"Her side hurt this morning, but she says it is nothing.",flank_pain,caregiver,Patient minimization conflicts with caregiver report of mental status change and flank pain in diabetic UTI context.,True
showcase-006-nonresponse-after-risk-warning,chest_discomfort,57,chest pressure follow-up,medium,Describe the symptom.,"Pressure when walking to the mailbox, then sweating. It stops when I rest.",symptom_quality,patient,"Nonresponse after risk disclosure is an operational safety event, not a closed low-risk encounter.",True
showcase-006-nonresponse-after-risk-warning,chest_discomfort,57,chest pressure follow-up,medium,Are you still there?,Patient stopped responding after risk warning. Chat disconnected. No answer by phone.,vitals,patient,"Nonresponse after risk disclosure is an operational safety event, not a closed low-risk encounter.",True
showcase-007-unasked-is-not-denied,med_refill_hypertension,41,blood pressure medication refill,high,Which medication needs refill?,Lisinopril 20 mg.,medication_identity,patient,"A complete-looking refill transcript omitted pregnancy status, recent renal labs, and chart/pharmacy reconciliation; unasked is not denied.",False
showcase-007-unasked-is-not-denied,med_refill_hypertension,41,blood pressure medication refill,high,When was your last dose?,This morning.,last_taken,patient,"A complete-looking refill transcript omitted pregnancy status, recent renal labs, and chart/pharmacy reconciliation; unasked is not denied.",False
showcase-007-unasked-is-not-denied,med_refill_hypertension,41,blood pressure medication refill,high,What is your home blood pressure?,126 over 78 today.,home_bp_number,device,"A complete-looking refill transcript omitted pregnancy status, recent renal labs, and chart/pharmacy reconciliation; unasked is not denied.",False
showcase-007-unasked-is-not-denied,med_refill_hypertension,41,blood pressure medication refill,high,Any side effects?,No side effects.,side_effects,patient,"A complete-looking refill transcript omitted pregnancy status, recent renal labs, and chart/pharmacy reconciliation; unasked is not denied.",False
showcase-008-prior-reassurance-expired,headache_migraine,47,headache again,medium,Tell me about the headache.,"My doctor said my headaches were okay last month, but this one is new and hit suddenly this morning.",headache_onset,patient,Prior reassurance is stale when symptom character changes; new sudden headache and transient visual symptoms reset the safety boundary.,True
showcase-008-prior-reassurance-expired,headache_migraine,47,headache again,medium,Any neck stiffness?,"A little stiff, but maybe I slept wrong.",neck_stiffness,patient,Prior reassurance is stale when symptom character changes; new sudden headache and transient visual symptoms reset the safety boundary.,True
showcase-008-prior-reassurance-expired,headache_migraine,47,headache again,medium,"Any weakness, numbness, vision changes, speech trouble, or confusion?","No weakness, but my vision went blurry for a few minutes.",neuro_deficit,patient,Prior reassurance is stale when symptom character changes; new sudden headache and transient visual symptoms reset the safety boundary.,True
showcase-008-prior-reassurance-expired,headache_migraine,47,headache again,medium,Have you measured your temperature?,"No, I have not checked.",fever_measured,patient,Prior reassurance is stale when symptom character changes; new sudden headache and transient visual symptoms reset the safety boundary.,True
showcase-009-embarrassment-curbs-history,gi_symptoms,38,stomach issue,medium,What is worrying you most?,"This is embarrassing and I do not want it in my chart, but I googled it and now I am scared it is cancer.",care_context,patient,"Embarrassment, fear of a diagnosis, and misconstrued internet medical facts are shaping the history; partial denials should not be treated as complete GI alarm review.",False
showcase-009-embarrassment-curbs-history,gi_symptoms,38,stomach issue,medium,Any bathroom alarm details you are avoiding?,I do not want to answer that here. It is probably nothing and I am embarrassed.,diarrhea_blood,patient,"Embarrassment, fear of a diagnosis, and misconstrued internet medical facts are shaping the history; partial denials should not be treated as complete GI alarm review.",False
showcase-009-embarrassment-curbs-history,gi_symptoms,38,stomach issue,medium,"Any weight loss, trouble swallowing, or persistent vomiting?",I lost some weight because I am avoiding food. I do not want to talk about the bathroom details.,alarm_gi,patient,"Embarrassment, fear of a diagnosis, and misconstrued internet medical facts are shaping the history; partial denials should not be treated as complete GI alarm review.",False
showcase-009-embarrassment-curbs-history,gi_symptoms,38,stomach issue,medium,Where is the pain?,"Low belly cramps off and on, not bad enough to make a fuss.",abdominal_pain,patient,"Embarrassment, fear of a diagnosis, and misconstrued internet medical facts are shaping the history; partial denials should not be treated as complete GI alarm review.",False
TOP-001-mental-health-self-harm,mental_health,31,anxiety and depression,unknown,Are you safe right now?,I keep thinking about ending my life tonight and I am alone.,self_harm,patient,Self-harm plus intoxication requires crisis workflow.,True
TOP-001-mental-health-self-harm,mental_health,31,anxiety and depression,unknown,Any thoughts of hurting someone else?,No.,harm_others,patient,Self-harm plus intoxication requires crisis workflow.,True
TOP-001-mental-health-self-harm,mental_health,31,anxiety and depression,unknown,Any substances today?,I drank a lot and took extra sleeping pills.,substance_intoxication,patient,Self-harm plus intoxication requires crisis workflow.,True
TOP-002-adhd-stimulant-palpitations,adhd_behavioral_med,28,ADHD stimulant refill,unknown,Medication?,"Adderall XR 30 mg, I need an early refill because I ran out.",medication_identity,patient,"Controlled-med refill has early refill, dose escalation, cardiopulmonary symptoms, and missing vitals.",False
TOP-002-adhd-stimulant-palpitations,adhd_behavioral_med,28,ADHD stimulant refill,unknown,Any side effects?,My heart races and I had chest tightness after taking extra doses.,side_effects,patient,"Controlled-med refill has early refill, dose escalation, cardiopulmonary symptoms, and missing vitals.",False
TOP-002-adhd-stimulant-palpitations,adhd_behavioral_med,28,ADHD stimulant refill,unknown,Current BP or pulse?,"I do not know, no numbers.",bp_hr,patient,"Controlled-med refill has early refill, dose escalation, cardiopulmonary symptoms, and missing vitals.",False
TOP-003-general-med-rash-swelling,general_med_management,46,new medication reaction,unknown,Which medication?,"I started the antibiotic yesterday, not sure the name.",medication_identity,patient,Medication reaction with lip swelling needs airway/allergy boundary.,True
TOP-003-general-med-rash-swelling,general_med_management,46,new medication reaction,unknown,Any side effects?,I have a rash and my lips feel a little swollen.,side_effects,patient,Medication reaction with lip swelling needs airway/allergy boundary.,True
TOP-003-general-med-rash-swelling,general_med_management,46,new medication reaction,unknown,Any allergies?,I had an allergic reaction years ago but do not remember to what.,contraindications,patient,Medication reaction with lip swelling needs airway/allergy boundary.,True
TOP-004-lab-review-critical-potassium,followup_lab_review,69,lab result question,unknown,Which result?,My potassium is marked critical at 6.4.,result_value,patient,Critical potassium value and symptoms should not be treated as routine lab review.,True
TOP-004-lab-review-critical-potassium,followup_lab_review,69,lab result question,unknown,When was it drawn?,Yesterday.,result_date,patient,Critical potassium value and symptoms should not be treated as routine lab review.,True
TOP-004-lab-review-critical-potassium,followup_lab_review,69,lab result question,unknown,Any symptoms?,I feel weak and a little lightheaded.,current_symptoms,patient,Critical potassium value and symptoms should not be treated as routine lab review.,True
TOP-005-sore-throat-airway,uri_sinus_throat,44,sore throat,unknown,How long?,Two days and worse today.,symptom_duration,patient,Sore throat with drooling/muffled voice crosses deep neck/airway boundary.,True
TOP-005-sore-throat-airway,uri_sinus_throat,44,sore throat,unknown,Any swallowing trouble?,"I am drooling and cannot swallow saliva, my voice sounds muffled.",throat_airway,patient,Sore throat with drooling/muffled voice crosses deep neck/airway boundary.,True
TOP-005-sore-throat-airway,uri_sinus_throat,44,sore throat,unknown,Temperature?,102.8.,fever_measured,patient,Sore throat with drooling/muffled voice crosses deep neck/airway boundary.,True
TOP-006-asthma-rescue-not-helping,asthma_allergy,37,wheezing,unknown,Breathing now?,I am wheezing and it is hard to finish sentences.,airway_symptoms,patient,Asthma symptoms with frequent rescue use and poor response require escalation.,True
TOP-006-asthma-rescue-not-helping,asthma_allergy,37,wheezing,unknown,Rescue inhaler?,Using it every hour and it is not helping.,rescue_inhaler_use,patient,Asthma symptoms with frequent rescue use and poor response require escalation.,True
TOP-006-asthma-rescue-not-helping,asthma_allergy,37,wheezing,unknown,Oxygen or peak flow?,No device here.,peak_flow_or_o2,patient,Asthma symptoms with frequent rescue use and poor response require escalation.,True
TOP-007-sti-exposure-pep-window,vaginal_sti,24,STI exposure,unknown,Pregnancy?,"No, not pregnant.",pregnancy_status,patient,Possible HIV exposure is within PEP timing window and needs time-sensitive clinician workflow.,False
TOP-007-sti-exposure-pep-window,vaginal_sti,24,STI exposure,unknown,Exposure timing?,Unprotected sex last night with someone whose HIV status I do not know.,sti_exposure_timing,patient,Possible HIV exposure is within PEP timing window and needs time-sensitive clinician workflow.,False
TOP-007-sti-exposure-pep-window,vaginal_sti,24,STI exposure,unknown,Was it wanted?,"Yes, consensual.",assault_or_coercion,patient,Possible HIV exposure is within PEP timing window and needs time-sensitive clinician workflow.,False
TOP-008-eye-pain-contact-lens,eye_ear,33,pink eye,unknown,Vision?,My vision is blurry in that eye.,vision_change,patient,Contact lens wearer with pain/photophobia/vision change is not routine conjunctivitis.,True
TOP-008-eye-pain-contact-lens,eye_ear,33,pink eye,unknown,Pain or light sensitivity?,It hurts a lot and light bothers me.,eye_pain_photophobia,patient,Contact lens wearer with pain/photophobia/vision change is not routine conjunctivitis.,True
TOP-008-eye-pain-contact-lens,eye_ear,33,pink eye,unknown,Contacts?,"Yes, I slept in my contacts.",contact_lens,patient,Contact lens wearer with pain/photophobia/vision change is not routine conjunctivitis.,True
TOP-009-gi-blood-dehydration,gi_symptoms,52,vomiting and diarrhea,unknown,Pain?,Bad constant belly pain.,abdominal_pain,patient,GI bleed/dehydration signals require urgent evaluation.,True
TOP-009-gi-blood-dehydration,gi_symptoms,52,vomiting and diarrhea,unknown,Vomiting?,I cannot keep fluids down since last night.,vomiting,patient,GI bleed/dehydration signals require urgent evaluation.,True
TOP-009-gi-blood-dehydration,gi_symptoms,52,vomiting and diarrhea,unknown,Blood?,The stool is black and tarry.,diarrhea_blood,patient,GI bleed/dehydration signals require urgent evaluation.,True
TOP-009-gi-blood-dehydration,gi_symptoms,52,vomiting and diarrhea,unknown,Hydration?,I feel faint when standing.,dehydration,patient,GI bleed/dehydration signals require urgent evaluation.,True
TOP-010-heartburn-exertional,gerd_dyspepsia,61,heartburn,unknown,Chest or exertional symptoms?,It is heartburn but it comes when I walk uphill and I get sweaty.,chest_or_exertional,patient,Heartburn label hides exertional cardiac-pattern symptoms.,True
TOP-010-heartburn-exertional,gerd_dyspepsia,61,heartburn,unknown,GI alarm features?,No black stool or trouble swallowing.,alarm_gi,patient,Heartburn label hides exertional cardiac-pattern symptoms.,True
TOP-010-heartburn-exertional,gerd_dyspepsia,61,heartburn,unknown,Pain location?,Burning pressure in the upper chest.,abdominal_pain,patient,Heartburn label hides exertional cardiac-pattern symptoms.,True
TOP-011-back-pain-bladder,musculoskeletal_pain,58,back pain,unknown,Any trauma?,No injury.,trauma_mechanism,patient,Back pain with neuro deficit and urinary retention crosses cauda equina boundary.,True
TOP-011-back-pain-bladder,musculoskeletal_pain,58,back pain,unknown,Any weakness or numbness?,My legs feel weak and numb.,neuro_deficit,patient,Back pain with neuro deficit and urinary retention crosses cauda equina boundary.,True
TOP-011-back-pain-bladder,musculoskeletal_pain,58,back pain,unknown,Bladder or bowel changes?,I cannot urinate since this morning.,bowel_bladder,patient,Back pain with neuro deficit and urinary retention crosses cauda equina boundary.,True
TOP-012-routine-derm-mucosal,routine_dermatology,35,acne/rash question,unknown,Photo?,I uploaded a photo.,lesion_photo_quality,patient,Routine dermatology request has mucosal involvement.,True
TOP-012-routine-derm-mucosal,routine_dermatology,35,acne/rash question,unknown,Infection signs?,No pus or fever.,infection_signs,patient,Routine dermatology request has mucosal involvement.,True
TOP-012-routine-derm-mucosal,routine_dermatology,35,acne/rash question,unknown,Mouth or airway?,I also have sores in my mouth and eyes.,mucosal_or_airway,patient,Routine dermatology request has mucosal involvement.,True
TOP-013-skin-infection-face-fever,skin_infection,48,skin infection,unknown,Spread?,Redness is spreading quickly and very painful.,infection_spread,patient,Skin infection near eye with fever and diabetes should not be routine telemedicine antibiotic flow.,True
TOP-013-skin-infection-face-fever,skin_infection,48,skin infection,unknown,Fever?,102.4.,fever_measured,patient,Skin infection near eye with fever and diabetes should not be routine telemedicine antibiotic flow.,True
TOP-013-skin-infection-face-fever,skin_infection,48,skin infection,unknown,Location?,It is near my eye.,location_risk,patient,Skin infection near eye with fever and diabetes should not be routine telemedicine antibiotic flow.,True
TOP-014-glp1-severe-abdominal-pain,obesity_metabolic,41,GLP-1 refill,unknown,Medication?,"Semaglutide, I increased the dose last week.",medication_identity,patient,GLP-1 medication request with severe abdominal pain/vomiting needs pancreatitis/gallbladder boundary.,True
TOP-014-glp1-severe-abdominal-pain,obesity_metabolic,41,GLP-1 refill,unknown,Contraindications?,No pregnancy or thyroid cancer history.,contraindications,patient,GLP-1 medication request with severe abdominal pain/vomiting needs pancreatitis/gallbladder boundary.,True
TOP-014-glp1-severe-abdominal-pain,obesity_metabolic,41,GLP-1 refill,unknown,Side effects?,Severe upper abdominal pain and vomiting for two days.,side_effects,patient,GLP-1 medication request with severe abdominal pain/vomiting needs pancreatitis/gallbladder boundary.,True
